{"retail_high": 0.14529999999999998, "retail_low": 0.14529999999999998, "fit_high": 0.055999999999999994, "fit_low": 0.055999999999999994, "p2p_high": 0.08, "p2p_low": 0.08, "standing_costs": 0.2039, "disc_rate": 0.03, "pv_prices": {"0": 1562, "1": 1562, "2": 1562, "3": 1562, "4": 1704, "5": 1704, "6": 1704, "7": 1704, "8": 1704, "9": 1704, "10": 1077, "11": 1077, "12": 1077, "13": 1077, "14": 1077, "15": 1077, "16": 1077, "17": 1077, "18": 1077, "19": 1077, "20": 1077, "30": 1077, "50": 1077, "75": 1077, "100": 1077}, "o&m_costs": 0.01}